,Gender,Blood Type,Medical Condition,Insurance Provider,Admission Type,Medication,Test Results
Gender,0.2554373668886004,0.011404854113857613,0.0,0.0,0.012024181803719678,0.0064548916939425535,0.0005744600387016234
Blood Type,0.011404854113857613,0.3240195745689196,0.0,0.005279782325589784,0.0,0.0,0.0
Medical Condition,0.0,0.0,0.055591976677464,0.0,0.009172189906873707,0.001644783414601793,0.005415204416213561
Insurance Provider,0.0,0.005279782325589784,0.0,0.7569848941979609,0.01024756814749491,0.0,0.0018439669742683898
Admission Type,0.012024181803719678,0.0,0.009172189906873709,0.01024756814749491,0.7524603468639571,0.0,0.0
Medication,0.0064548916939425535,0.0,0.001644783414601797,0.0,0.0,0.3360324287216371,0.0
Test Results,0.0005744600387016234,0.0,0.005415204416213561,0.001843966974268386,0.0,0.0,0.5289805540646917
